CD_TIP_ATVD,NM_TIP_ATVD
100,ESTUDAR
101,CONDUZIR
102,"LIBERAR CRÉDITO"
103,"CALCULAR CAPACIDADE PAGAMENTO"
110,"EMITIR INSTRUMENTO CRÉDITO"
111,"REGULARIZAR APONTAMENTO"
112,"REGISTRAR FATURAMENTO"
113,"ALTERAR ROTA"
114,FORMALIZAR
115,"ARQUIVAR INSTRUMENTO"
116,"AJUSTAR INFORMAÇÕES NO SISTEMA"
117,VISTORIAR
182,"ALTERAR ALÇADA"
183,"ANALISAR MIP"
184,"ANALISAR ENQUADRAMENTO"
185,"AJUSTAR INSTRUMENTO DE CRÉDITO"
186,"AJUSTAR ADITIVO"
187,COMPLEMENTAR
188,"VALIDAR DOCUMENTOS"
189,"VALIDAR RECEBIMENTO IC"
190,"VALIDAR REGISTRO ADITIVO"
191,CONVERTER
192,"PRORROGAÇÃO RURAL"
200,"CUMPRIR ORDENS JUDICIAIS"
201,"PREPARAR COBRANÇA JUDICIAL"
202,"PREPARAR COB JUD TERCEIRIZAÇÃO"
203,"CUMPRIR DEMANDA JUDICIAL"
204,"CUMPRIR DEM JUD TERCEIRIZAÇÃO"
205,"REALIZAR CALCULO JUDICIAL"
206,"REALIZAR DEPÓSITO JUDICIAL"
207,"REALIZAR HONRA DE AVAL"
208,"PAGAR HONORÁRIOS E CUSTAS"
209,"CUMPRIR TUTELA/LIMINAR/SENTENC"
210,"PREPARAR SUBSÍDIOS AUDIÊNCIAS"
211,"PREPARAR SUBSÍDIOS CONTESTAÇÃO"
212,"ELABORAR EXTRATOS MERCANTIS"
213,"ACORDO JUDICIAL"
214,"REALIZAR AJUIZAMENTO"
215,"REALIZAR ATIV  JURIDICAS - BNC"
216,"ATENDER SOLICITAÇÃO DA ATIVOS "
217,"ENCAMINHAR DEM. OUTRA UNIDADE"
218,"HONRAR FAMPE"
219,"REALIZAR CONTABILIZAÇÃO"
220,"REALIZAR PREPOSIÇÃO"
221,"ENCAMINHAR PARA AJUIZAMENTO"
222,"EFETUAR RETERCEIRIZAÇÃO"
223,"TERCEIRIZAR CARTAS PRECATÓRIAS"
224,"TERCEIRIZAR ASTEC  JUDICIAL"
225,"RECEPCIONAR OPERAÇÕES  - GERAT"
226,"TERCEIRIZAR PROTESTOS/HABILITA"
227,"REVOGAR TUTELA/LIMINAR"
228,"PESQUISA DE BENS"
229,"COMPLEMENTAR/ DISTR NPJ AUTOR"
230,"COMPLEMENTAR/ DISTR NPJ RÉU"
231,"AJUIZAR BESCRI"
232,"REALIZAR DEPÓSITO NO PORTAL"
233,"ACORDO JUDICIAL JEC"
234,"ELABORAR PRESTAÇÃO DE CONTAS"
235,"IDENTIFICAR OFÍCIOS"
236,"TRATAR INTIMAÇÃO"
237,"CADASTRAR CITAÇÃO"
238,"CADASTRAR NOTIFICAÇÃO TRAB"
239,"TRATAR BACENJUD"
240,"TRIAR OFÍCIOS"
241,"TRATAR PROCON"
242,"TRATAR OFÍCIOS DE DJO"
243,"RESGATAR DJO"
244,"REALIZAR CÁLCULO TRABALHISTA"
245,"EFETUAR CONCI E RECOLHIMENTO"
246,"FORNECER DOC TRABALHISTA"
247,"TRATAR PRÉ-TRIAGEM"
248,"CADASTRAR E DISTRIBUIR NPJ"
249,"TRATAR OFÍCIO"
250,"ATENDER SOLIC ADVOGADO - REJUD"
251,"PROATIVO - PLANOS ECONÔMICOS"
252,"PROATIVO - REVISIONAL"
253,"PROATIVO - ACP RURAL"
254,"PROATIVO - OUTROS"
255,"TRATAR HONORÁRIOS"
256,"PAGAR CUSTOS"
257,"TRATAR OFÍCIOS DIVERSOS"
258,"PREPARAR SUBSÍDIOS MAIS BB"
259,"TRATAR BLOQUEIO DESBLOQ TRANSF"
260,"TRATAR AÇÕES GSV"
261,"TRATAR ENTRADA DIGITAL"
262,"REGULARIZAR PARTES NPJ "
263,"REGULARIZAÇÃO DE PARTES"
264,"TRATAR PROTESTO P/PREFERÊNCIA"
265,"CONDUZIR PROTESTO P/PREFERÊNCI"
266,"NEGOCIAR ACORDO JUDICIAL"
267,"PREPARAR DOCUMENTAÇÃO"
268,"INSERIR DIRF"
269,"APOIO MIDDLE"
270,"CONVERSÃO NEGÓCIOS DJO"
271,"REALIZAR CERTIFICACAO ADM NPJ"
272,"AJUIZAR OPERAÇÕES"
273,"COMPLEMENTAR NPJ"
274,"AJUIZAR OPERAÇÕES - BBTS"
275,"INFORMAÇÕES SOBRE PROCESSO JUD"
276,"PREPARAR SUBSÍDIOS BB AUTOR"
277,"REALIZAR CÁLCULO BB AUTOR"
278,"DISPONIBILIZAR DOC AQG"
279,"RECUPERAR CRÉDITO JUDICIAL"
280,"PREPARAR SUBSÍDIOS"
281,"REALIZAR CÁLCULO"
283,"TRATAR OFÍCIOS"
284,"PREPARAR SUBSÍDIOS - BBTS"
285,"MANIFESTAÇÃO JUDICIAL"
286,"AT. SUBSÍDIOS-TRIAGEM"
287,"PARTICIPAÇÃO HASTA/ADJUDICAÇÃO"
288,"FT OFICIOS"
289,"EMISSÃO EXTRATO CBIOS QUINZEN "
290,"REGULARIZAR DEVOLUÇÕES TED"
291,"CADASTRAR CONTRATO REPASSE DJ"
292,"ACOMPANHAR FUNDO DE RESERVAS"
295,"DEPÓSITO EM GARANTIA"
296,"COMPLEMENTAR DADOS"
297,"ATENDER REQUISIÇÃO BBTS"
704,"AUXILIAR COBR. TERCEIRIZADA"
724,"CDC JUDICIAL"
725,"PREPARAR SUBSÍDIOS PROATIVOS"
300,"ANALISAR RISCO"
301,"ANALISAR ADERÊNCIA"
400,"CONFECCIONAR (ANTIGO)"
401,"CONFIRMAR FATURAMENTO (ANTIGO)"
402,DIGITALIZAR
403,"REGISTRAR CONDIÇÃO TRIBUTÁRIA"
404,"ANALISAR CONDIÇÃO TRIBUTÁRIA"
405,"ATUALIZAR FATURAMENTO"
410,"ATUALIZAR DADOS CADASTRAIS"
420,REVISAR
437,"CONFIRMAR FATURAMENTO"
439,"ATUALIZAR PODERES"
440,"CONFIRMAR RENDA PESSOA FISICA"
441,"ATUALIZAR D. CADASTRAIS SUBWAY"
442,"ATUALIZAR DIRIGENTES SUBWAY"
443,"PODERES/INSTRUMENTO DE MANDATO"
444,"ATUALIZAR ENDEREÇO"
446,CONFECCIONAR
458,"TRATAR DÚVIDA"
501,"ANALISAR PROJETO"
502,"APOIAR FISCALIZAÇÃO"
503,"ATUALIZAR RTA"
504,"AUTORIZAR DESPESA"
505,"AVALIAR BEM RURAL"
506,"AVALIAR EMPRESA TERCEIRIZADA"
507,"ELABORAR SÚMULA"
508,"ELABORAR PARECER/LAUDO"
509,"ELABORAR RELATÓRIO"
510,"EMITIR ALERTA"
511,"MONITORAR DADOS"
512,"PARTICIPAR DE REUNIÃO"
513,VISTORIAR
514,HOMOLOGAR
515,"ATUALIZAR TABELA"
516,"CONFECCIONAR PLANILHA"
310,"FISCALIZAR PNDRS"
600,FISCALIZAR
601,VISTORIAR
602,"REALIZAR PAGAMENTOS"
603,"AUTORIZAR DESPESAS COM VIAGENS"
604,"AVALIAR EXECUTANTE EXTERNO"
605,"TRATAR IRREGULARIDADE"
606,VALIDAR
607,ANALISAR
608,DESCLASSIFICAR
609,"DEMANDAS DIVERSAS"
610,"DEMANDAS ESPECIAIS"
700,"ANALISAR PROCESSOS DO PASEP"
701,"REPASSAR RECURSOS"
702,"ENVIAR PROCURAÇÕES P/VALIDAÇÃO"
703,"PRESTAR SUPORTE TÉCNICO GEFIN"
705,"CONTROLAR ARRECADAÇÃO ESTADUAL"
706,"CONTROLAR ARRECAD. FEDERAL"
707,"CONTROLAR OPER. DE LEASING"
708,"FORNECER CERTIFICADO DIGITAL"
709,"PRESTAR SUPORTE A SERV. BPB"
710,"CONDUZIR ATIVIDADES DE SEGURO"
711,"EXECUTAR PROTESTO DE TITULOS"
712,"EFETUAR PAGAMENTO DE FGTS"
713,"TRANSFERIR AÇÕES"
714,"ABRIR CONTAS MASSIFICADA"
715,"CONTROLAR ARRECADAÇÃO DE FGTS"
716,"ANALISAR PACOTE DE SERVIÇOS PJ"
717,"ATENDER A CONCESSIONÁRIAS"
718,"GERENCIAR OCORRÊNCIAS EM CNPJ"
719,"CONTROLAR ARRECADAÇÃO MUNICIP"
720,"GERENCIAR CONTRATAÇÕES CDC-ECF"
721,"TRATAR EGT"
722,"ANALISAR PROCESSOS INSS"
723,"TRATAR CTR"
726,"ANALISAR PROCESSOS DO FGTS"
727,"REGULARIDADE CNPJ"
728,"BACK OFFICE GOVERNO "
729,"PROTESTO DE TITULOS-ATENDER"
730,"PROTESTO DE TITULOS-EFETUAR"
731,ESCRITURAÇÃO
732,"PUBLICIDADE LEGAL"
733,"REPRODUÇÃO DE DOCUMENTOS"
734,"RESPONDER OFICIO ANCINE"
735,"MIDDLE OFFICE OUROCARD"
736,"EXECUTAR ATIVIDADES SETAD"
737,"EXECUTAR ATIVIDADES VRN"
738,"RECOLHER TRIBUTOS 0452"
739,"ATUALIZAR VALOR DEP JUDICIAIS"
740,"TRATAR LEASING DISOFT"
741,TECBAN
742,"CNPJ BB"
743,"MIDDLE OFFICE CONTA JOVEM"
744,"MIDDLE OFFICE CONTA JOVEM"
745,"CONTROLAR ARRECADAÇÃO TRIBUTOS"
746,"CONTRATO DE GRANDES DEPOSITOS"
747,"CADASTRO POSITIVO"
748,"ANALISAR PÓS ÓBITO FEDERAL"
749,"DEPÓSITO EM GARANTIA"
750,"CARTÃO DE PAGAMENTO GOVERNO"
751,LICITAÇÕES-E
752,TARIFAS
753,"INSERIR DIRF"
754,"INSERIR DIRF"
755,"LICENÇA ALVARÁ ELE"
756,"INTERVENIÊNCIA FINANCEIRA"
757,"TRATAR HAVERES DA UNIÃO"
758,"CADASTRAMENTO BB GIRO EMPRESAS"
759,"ARRECADAÇÃO DE CONCESSIONÁRIAS"
800,"CADASTRAR VISANET"
801,"CONCILIAR CONVÊNIOS CDC"
802,"ANALISAR CONTESTAÇÃO"
803,"CONCILIAR BRASILPREV"
804,"ATENDER BANCO 24 HORAS"
810,"VALIDAR CONTA CORRENTE"
811,"COMPLEMENTAR DADOS"
812,"CONFIRMAR ALTERAÇÃO"
813,"ASSINAR DOCUMENTOS"
814,"EMITIR PARECER"
445,"EXCLUIR CADMUT"
447,"LIBERAR SIUMP1 OPR FORMALIZADA"
448,"SIUMP 1-OP FORMALIZADA"
449,"AJUSTAR SOLICITAÇÃO FGTS"
450,"CONFECCIONAR ADITIVO"
451,"REMONTAR CRONOGRAMA"
452,"TRATAR RECUSAS COF"
453,"TRANSFERIR RECURSOS PJ"
454,COVENANTS
455,"DESENQUADRAMENTO CGU"
456,"REVISAR LAUDO DE VISTORIA"
457,"CONDUZIR SEGUROS"
900,"ANALISAR PF"
901,CONDUZIR
902,"AVALIAR IMÓVEL"
903,"VALIDAR CADASTRO"
904,"RECUPERAR ATIVOS (AL. FIDUC.)"
905,"ANALISAR PJ"
906,"ANALISAR PROJETO"
907,"ANALISAR PASTA MÃE"
908,"PAGAR COBAN"
909,"ANALISAR PROJETO RURAL"
910,"ATUALIZAR CADASTRO"
911,"INCLUIR NOTA VALIDAÇÃO"
912,"LIBERAR RECURSO"
913,"EDITAR CONTRATO"
914,"RETIFICAR LAUDO"
915,"ESTORNAR TARIFA"
916,"EMITIR PARECER"
917,"REEDITAR CONTRATO"
918,"DEVOLVER COP"
919,"COBRAR TARIFA"
920,"LIBERAR HIPOTECA"
921,FATURAR
922,"ACOMPANHAR ATRASO DE OBRA"
923,"ACOMP ATRASO OBRA PNHU - FX 1"
924,"ACOMP IRREGULARIDADES OBRA FX1"
925,"LIBERAR RECURSO PJ"
926,"ENTREGAR EMPREEND PNHU FX1"
927,CREDENCIAR
928,"ATUALIZAR CADASTRO/DEL"
929,"CONFERIR DOCUMENTOS"
930,"RECEBER ADITIVO"
931,"ALTERAR MATRIZ"
932,"ANALISAR DOC ENGENHARIA FX 1"
933,"CONFERIR PLAN COMERCIALIZ FX 1"
934,"NOTIFICAR INFRAEXT/Ñ INCID FX1"
935,"AUTORIZAR RCV"
936,"VERIFICAR CONFORMIDADE"
937,"IMPLANTAR LIMITE DE CRÉDITO"
938,"VERIFICAR CONFORMIDADE BBTS"
939,"CADASTRAR PROCURAÇÃO"
940,"DEVOLVER FGTS"
941,"ANALISAR CCV"
942,"VERIFICAR CONFORMIDADE PF"
943,"CONDUZIR PNHU PJ"
944,"CALCULAR REMUNERAÇÃO MANUAL"
945,"CANC/DISTRATAR/DEVOL OPERAÇÕES"
946,"CONF ADITIVO/REMONT CRONOGRAMA"
947,"RESTITUIR/REGULARIZAR FGTS"
948,"TRATAR TED DEVOLVIDA"
949,"SUBSTITUIR CONSTRUTORA"
950,"NOTIFICAR PROCESSADOR"
951,"FORMALIZAR CONTRATO"
952,"HABILITAR ENTIDADE ORGANIZADOR"
953,"REQUALIFICAR ENTIDADE ORGANIZA"
954,"ANALISAR CONTESTAÇÃO"
955,"CONDUZIR PNHR"
956,"CONFECCIONAR MATRIZ"
957,"APOIO ORIGINAÇÃO"
958,"CONDUZIR PNHU PF"
959,"CONDUZIR PNHU PF - CESUP"
960,"ACOMPANHAR PÓS-OBRA"
961,"AJUSTAR INSTRUMENTO DE CRÉDITO"
962,"INTERV. QUITANTE - PAGAMENTO"
963,"LIBERAÇÃO PF"
964,"APOIO COBAN"
965,"EQUIPAMENTO PÚBLICO 6% FAR"
966,"RECEBER CONTRATO REGISTRADO"
967,"ADITIVAR PJ - ACP"
968,"CONVERTER SAC"
969,"ANALISAR PNHR PJ"
970,"ANALISAR PNHU PJ"
971,"REGISTRO ELETRÔNICO"
972,"AJUSTAR ÍNDICE UPRD"
973,SEGURIDADE
974,"OFERTA ATIVA"
975,"EMITIR TERMO DE QUITAÇÃO"
976,"CONDUZIR DEMANDAS"
977,"CONVERTER SAC REPASSE"
978,"ASSESSORIA ESPECIALIZADA"
979,"RECEBER TRV"
980,"REGULARIZAR CADASTRO"
981,"CONDUZIR ACP"
982,"CONFERIR REGISTRO CARTORÁRIO"
983,RECEBENDO
984,"ACOMPANHAR PAGAMENTO"
985,"ACOMPANHAR FORMALIZAÇÃO"
986,BNC
987,REACOLHIMENTO
988,"TRATAR OCORRÊNCIA CADASTRO"
989,"ACOMPANHAR FORMALIZ.  DIGITAL"
104,"ELABORAR FRO (ATACADO)"
105,"ELABORAR PL"
106,"OBTER APROVAÇÃO DE ADITIVO"
107,CANCELAR
108,"ELABORAR FRO/PAC"
109,"GERAR ARQUIVOS BNF"
1000,"OBTER APROVAÇÃO FRO"
1001,"OBTER APROVAÇÃO PL"
1002,"GERAR ARQUIVOS BNF"
1003,ESTUDAR
1004,"LIBERAR CRÉDITO"
1005,"CALCULAR CAPACIDADE PAGAMENTO"
1006,"EMITIR INSTRUMENTO CRÉDITO"
1007,"REGULARIZAR APONTAMENTO"
1008,"ALTERAR ROTA"
1009,FORMALIZAR
1010,CONDUZIR
1011,VISTORIAR
1012,"ANALISAR MIP"
1013,"ALTERAR ALÇADA"
1014,"ELABORAR ADITIVO"
1015,"AJUSTAR INFORMAÇÕES NO SISTEMA"
1016,"ANALISAR ENQUADRAMENTO"
1017,"AJUSTAR INSTRUMENTO DE CRÉDITO"
1018,"VALIDAR REGISTRO ADITIVO"
1019,"CONDUZIR II (USO PLT BNDES)"
1100,ANALISAR
1101,CONDUZIR
1102,NOTIFICAR
1103,"INSCREVER NA DAU"
1104,"ATENDER DEMANDA INTERNA"
1105,"RESPONDER DEMANDA EXTERNA"
1106,SALVAR
1107,AJUIZAR
1108,CALCULAR
1109,"AJUSTAR SISTEMAS"
1110,"PESQUISAR SITUAÇÃO"
1111,"REGULARIZAR APONTAMENTO"
1112,"ALTERAR CONDIÇÕES PACTUADAS"
1113,"ENCAMINHAR DOCUMENTAÇÃO"
1114,"CAO - ACOMPANHAR"
1115,"CAO - TRATAR DEVOLUÇÃO"
1116,"HONRAR FAMPE"
1117,"ENCAMINHAR AO SEBRAE"
1118,"CONTABILIZAÇÃO FAMPE"
1119,"SUB-ROGAÇÃO SEBRAE"
1120,"RESPONDER DEMANDA FAMPE"
1121,"TRATAR DEVOLUÇÃO SEBRAE"
1122,"SALVAR FAMPE"
1123,"LIQUIDAR OPERAÇÃO"
1124,"ANTECIPAR VENCIMENTO OPERAÇÃO"
1125,"TRATAR DEMANDAS DE APOIO"
1126,"PESQUISAR PREÇO MÍNIMO"
1127,"ATUALIZAR INFORMAÇÕES EGF"
1128,"CALCULAR IGP-DI"
1129,"GERAR ARQUIVO"
1130,"VALIDAR BÔNUS ADIMPLÊNCIA"
1131,"VALIDAR BÔNUS ADIMPLÊNCIA"
1132,"GERAR ARQUIVO"
1133,"CONCEDER BÔNUS ADIMPLÊNCIA"
1134,CONTABILIZAR
1135,"ASSESSORIA ESPECIALIZADA"
1136,"ACP PLANO COLLOR"
1137,"HONRA FGI"
1138,"PRESTAÇÃO DE CONTAS PGFN"
1139,"ENCAMINHAR DOC. PGFN"
1200,ATUALIZAR
1300,ATUALIZAR
430,"ANALISAR RECLAMAÇÃO"
431,"BAIXAR ANOTAÇÃO"
432,"REGISTRAR ANOTAÇÃO"
433,"SOLICITAR REINCLUSÃO"
434,"SOLICITAR DOCUMENTOS"
435,"UNIFICAR CADASTRO"
436,"VINCULAR MCI"
438,"ATUALIZAR DADOS"
1501,"ANALISAR PEDIDO"
1502,"RESPONDER OFÍCIO"
1503,"REVISAR ANÁLISE"
1504,"ANALISAR RECURSO"
1505,"ANALISAR DESISTÊNCIA"
1506,"SELEÇÃO PERITO"
1507,"REDESPACHAR PROCESSO"
1508,"MIDDLE OFFICE PROAGRO"
1509,"REVISÃO PAGAMENTO PERITO"
1510,"AGUARDANDO DESPACHO BACEN"
1511,"DESPACHO NÃO ACATADO"
1600,"REGULARIZAR APONTAMENTO"
1601,"COMPLIANCE SERVIÇOS DIGITAIS"
1700,"PRESTAR CONSULTORIA"
1900,"ABRIR CONTA"
2000,ESTUDAR
2100,"ATUALIZAR CADASTRO"
2101,"VERIFICAR CONFORMIDADE"
2102,"FORMALIZAR OPERAÇÃO"
2103,"ANOTAR RESTRIÇÕES"
2200,"ATUALIZAR CADASTRO"
2300,CONTRATAR
2301,DISTRATAR
2302,ADITIVAR
2303,CADASTRAR
2305,ANALISAR
2308,ATIVAR
2309,CANCELAR
2310,ATENDER
2311,ALTERAR
2312,"CONCILIAR BP"
2313,"CONCILIAR MAIS BB"
2314,"VALIDAR IMAGEM"
2315,EFETIVAR
2316,"ACR CADASTRAR"
2317,"ACR ATIVAR"
2318,"ACR DISTRATAR"
2319,"SUPORTE AOS COBANS"
2320,POUPATEMPO
2321,"REDE MAIS BB"
2322,PRÉ-ANÁLISE
2323,"SUPORTE DE COBANS"
2324,RENOVAR
2325,"ATENDER DEMANDAS CHAVE J"
2326,"AGENTE DE CRÉDITO RURAL - ACR"
2327,AGRO
2328,IMOBILIÁRIO
2329,NEGOCIAL
2330,"NEGOCIAL DIGITAL"
2331,TRANSACIONAL
2332,"PRÉ- ANÁLISE"
2333,"TRATAMENTO DE E-MAIL"
2334,"CHAVE J"
2335,"CONCILIAÇÃO E MONITORAMENTO DE"
2336,"CADASTRAMENTO DE LOJAS E FILIA"
2337,"TRATAR PAGAMENTO"
2338,"TRATAMENTO TECBAN (BANCO 24H)"
2339,"ALÍVIO DE NUMERÁRIO"
2340,"CONSTESTAÇÕES DE COBANS"
2341,"EMISSÃO DE COMPROVANTES(PAG)"
2342,"ATENDER BB ATENDE/RESOLVE"
2343,"ACR JUNIOR"
2400,"ANALISAR PEDIDO"
2500,ATUALIZAR
2501,ANOTAR
2502,CALCULAR
2503,CONTABILIZAR
2504,ESTUDAR
2505,FORMALIZAR
2506,TRATAR
2507,FISCALIZAR
2508,ELABORAR
2510,APRESENTAR
2511,CONFECCIONAR
2512,ACOMPANHAR
2515,INDICAR
2517,PENHORAR
2519,CUMPRIR
2521,PAGAR
2522,EXPROPRIAR
2523,AJUIZAR
2524,HABILITAR
2525,MANIFESTAR
2527,ALTERAR
2528,AVALIAR
2529,"BAIXAR GRAVAMES"
2530,DESEMBARAÇAR
2531,GUARDAR
2532,INVENTARIAR
2533,SOLICITAR
2534,VENDER
2535,RECEBER
2600,ANALISAR
2700,REPACTUAR
2701,PRORROGAR
2702,ATUALIZAR
2800,CONTATAR
2801,ORIGINAR
2802,"LIBERAR CRÉDITO"
2803,COBRANÇA
2804,"CONDUZIR AMPE"
2805,"TRATAR REJEIÇÃO"
2806,"CONDUZIR ALELO"
2807,"ESTUDAR AMPE"
2808,"FOPAG DIGITAL"
2809,LEIAUTE
2810,CONDUZIR
2811,"SOLUÇÕES DE PAGAMENTOS"
2812,"BB FRANQUIA"
2813,"SOLUÇÕES DE RECEBIMENTOS"
2814,"ARRECADAÇÃO - ASSESSORIA"
2815,"COMÉRCIO ELETRÔNICO"
2816,CAPACITAR
2817,"SOLUÇÕES EM SEGURIDADE"
2818,"ASSESSORAR DIMEP"
2900,"CONTRATAR DIRETO"
2901,LICITAR
2902,ADITIVAR
3000,"ACOMP IRREGULARIDADES OBRA"
3001,"ACOMPANHAR ATRASO DE OBRA"
3002,"ANALISAR DOCUMENTAÇÃO ENGENHAR"
3003,"ANALISAR LAUDO"
3004,"ANALISAR PROJETO"
3005,"AVALIAR IMÓVEL"
3006,"CONFERIR PLANILHA COMERCIALIZ"
3007,CREDENCIAR
3008,"MEDIR PROJETO"
3009,REANALISAR
3010,"RETIFICAR LAUDO"
3011,"AUTORIZAR RCV"
3012,"REVISAR LAUDO"
3100,AJUIZAR
3101,"AJUIZAR PJE"
3200,"CONFIRMAR RENDA"
3201,"PODERES/INSTRUMENTO DE MANDATO"
3202,"ATUALIZAR DEMAIS"
3203,"ATUALIZAR CADASTRO COBAN"
3204,"ATUALIZAR CLIENTE PRIVATE"
3400,"PESQUISAR EVOLUÇÃO ACIONÁRIA"
3401,"FAZER BAIXA/ARQUIVO DE RELATÓR"
3402,"EFETUAR CONVERSÃO AÇÕES PP"
3403,"ACOMPANHAR/DESPACHAR OTA"
3404,"ACOMPANHAR/DESPACHAR TRANSFERÊ"
3405,"ACOMPANHAR/ATENDER AOF"
3406,"EFETUAR LANÇAMENTO DTA"
3407,"ACOMPANHAR MCI CADASTRAMENTO"
3408,"ACOMPANHAR MCI UNIFICAÇÃO"
3409,"ACOMPANHAR/DESPACHAR PTA"
3410,"CONDUZIR DEMANDAS PGFN"
3411,"TRATAR OCORRÊNCIAS BB ATENDE"
3412,"TRATAR NPJ - PORTAL JURÍDICO"
3413,"ATENDIMENTO TELEFÔNICO"
3414,"TRATAR E-MAIL/CORREIO"
293,"RESSARCIR ECONOMUS DJ"
294,"RESSARCIR ECONOMUS DESPESAS"
3500,COMPLEMENTAR
3501,"FORÇA TAREFA"
3502,EFETIVAR
3503,"CONCILIAR BB-DJO"
3504,CONTROLAR
3505,"CONCILIAR - ANDAMENTO 747"
3506,"CONCILIAR BB-DJO FAVORÁVEL"
3507,"CONCILIAR - ANDAMENTO 470"
3508,"CONCILIAR - ANDAMENTO 469"
3600,"REGULARIZAR OCORRÊNCIAS"
3700,LIBERAÇÃO
3701,CONCILIAÇÃO
3702,"TRATAR OFÍCIOS DE GLOSA"
3703,CONTRATAR
3704,"CONTRATAR CDC IRPF"
3705,DESAVERBAR
3706,"CONTRATAR PORTABILIDADE"
3707,CONVERTER
3708,"CONTRATAR ANTECIPACAO IRPF"
3709,"CONTRATAR PORTABILIDADE"
3710,"CONCILIAÇÃO PORTAL"
3711,CONDUZIR
3712,"AVERBAR RENEGOCIAÇÃO"
3713,"CONTRATAR NOVOS NEGOCIOS"
3714,"PRESTAR ASSESSORIA"
3715,"CONSULTAR MARGEM"
3716,"REPROCESSAMENTO CONCILIAÇÃO"
3717,"DEVOLUÇÃO DE PARCELAS CONTRACH"
3718,"RESCISÃO CDC - CONSIGNADO"
3719,"CANCELAMENTO MANUAL DE AVERBAÇ"
3720,"ANTECIPAR FGTS "
3900,RECOLHIMENTO
3901,"OBRIGAÇÕES ACESSÓRIAS"
3902,LEIS
3903,FISCALIZAÇÃO
3904,AUTOMAÇÃO
3905,CTR
3906,PROCESSAMENTO
3907,ASSESSORIA
4000,BALANCETE
4001,EGT
4002,CTR
4003,ESCRITURAÇÃO
4100,"CONDUZIR LICENÇA SAUDE"
4101,"CONDUZIR BOLSAS DE ESTUDOS"
4102,"EDUCAÇÃO - DIVERSOS"
4103,"CONCEDER BOLSAS DE IDIOMAS"
4104,"CERTIFIC PROFISSIONAIS/ LEGAL"
4105,"PAGAMENTO BBTUR"
4106,"ATENDIMENTO (CESSÃO)"
4107,"CONTABILIZAÇÃO (CESSÃO)"
4108,"DISPONIBILIDADE (CESSÃO)"
4109,"EMITIR DOCUMENTAÇÃO TRABALHIST"
4110,"APOIO DIREX"
4111,"GERIR CESSÕES LIBERA PARC AABB"
4112,"CONCEDER BENEFÍCIOS"
4113,"RECUPERAR LOG DO TAO"
4114,"PROCESSAR APOSENT/FALECIMENTO"
4115,"CONCEDER PAS"
4116,"INCLUIR/EXCLUIR DEPENDENTES"
4117,"ENTREGAR CARTÕES CASSI E ALELO"
4118,"CONDUZIR EXONERAÇÃO"
4119,"PROCESSAR AUSÊNCIAS"
4120,"PROCESSAR DESIGNAÇÃO INTERINA"
4121,"CONDUZIR JORN TRAB PTO ELETRON"
4122,"FOPAG GERAL"
4123,"FOPAG RE"
4124,"CONDUZIR FALE COM A GEPES"
4125,"REPASSAR INFORM À TERCEIROS"
4126,"EFETUAR RECOLHIMENTOS"
4127,"CONDUZIR PENSÃO ALIMENTICIA"
4128,"IMPORTAR ÍNDICES"
4129,"RECOLHIMENTOS E INF. A TERCEIR"
4130,"FOPAG DJ"
4131,"CONDUZIR PENHORA JUDICIAL"
4132,"PROCESSAR LICENÇAS"
4133,"PROCESSAR FERIAS"
4134,"CONDUZIR APOSENTADORIA/FALECIM"
4135,"CONDUZIR BOLSAS DE IDIOMAS"
4136,"CERTIFICAÇÃO INTERNACIONAL"
4137,"MBA - TURMA CONTRATADA"
4138,"STRICTU SENSU"
4139,GRADUAÇÃO
4140,"PÓS-GRADUAÇÃO LATO SENSU"
4141,"CERTIFICAÇÃO LEGAL"
4142,"CERTIFICAÇÃO PROFISSIONAL"
4143,"ESTÁGIO FUNCIONÁRIO ESTUDANTE"
4144,"CERTIFICAÇÃO DE CONHECIMENTOS"
4145,"DESPACHO DE RESSARCIMENTOS"
4146,"REGULARIZAR BOLSA DE ESTUDOS"
4147,"CONDUZIR PAGAMENTOS EXCEÇÃO"
4148,"ACOMPANHAR BOLSAS"
4149,"ATENDIMENTO CONTABILIZAÇÃO"
4150,"LICENÇA SAÚDE"
4151,"CERTIFICAÇÃO LEGAL CPA10/CPA20"
4152,"DOCUMENTAÇÃO TRABALHISTA"
4153,"MENSALIDADE SINDICAL"
4154,TRIBUTOS
4155,E-MAIL
4156,"CARTÃO ALIMENTAÇÃO/REFEIÇÃO"
4157,"AUX CRECHE/BABÁ/FILHO DEF"
4158,"CERT LEG CPA10/CPA20/CEA/CFP"
4159,"DEP DIRETOS-CED, QS E EX-FUNCI"
4160,"LICENÇA SAÚDE - INTERNO"
4161,"CESSÃO / APOIO DIREX"
4162,AUSÊNCIAS
4163,"AUSÊNCIAS/LICENÇA INTERESSE"
4164,TRIAGEM
4165,"TRATAR OFICIOS"
4200,"ABERTURA MASSIFICADA DE CONTAS"
4201,"SOLICITAÇÃO DE RELATÓRIO SOLE"
4202,"CONCILIAÇÃO BANCO POSTAL"
4203,"VISANET CIELO"
4204,"CARTÃO LIQUIDAÇÃO"
4205,"CONTROLE DE ACESSO PORTAL CONS"
4206,"PROTESTO DE TÍTULOS"
4207,"AÇÕES ESCRITURAIS"
4300,"AQG - PROVIDENCIAR"
4301,"CLIENTES - SISBB PROVIDENCIAR"
4302,"AQG - EXPURGAR"
4303,"AQG - CATALOGAR"
4304,"SUPORTE AO USUÁRIO"
4305,ADMINISTRATIVO
4500,ASSESSORIA
4600,"ATIVIDADE TESTE"
4700,"PRESTAR ASSESSORIA ESP"
4701,"CRÉDITO IMOBILIÁRIO"
4702,CONSÓRCIO
4703,CHATBOT
4704,URA
4800,ATENDIMENTO
4801,"ASSESSORIA OPER. A CONTRATAR"
4802,"ASSESSORIA OPER. CONTRATADA"
4900,"ACORDOS GECOR CONTABILIZACÃO"
4901,"CONTABILIZAR PERDAS - ADM"
4902,"CONDUÇÃO DE OPERAÇÕES"
4903,"OCORRÊNCIAS RAO"
4904,"DEMONSTRATIVO IMPOSTO DE RENDA"
4905,"GESTÃO DO CTR UCR"
4906,"ASSESSORIA PROTESTO DE DÍVIDAS"
4907,"LEVANTAR ALVARÁ - ABRIR CONTA"
4908,CONTABILIZAR
4909,"CONTABILIZAR PERDAS - JUD"
4910,"LEVANTAR ALVARÁ - CONTABILIZAR"
4911,"LEVANTAR ALVARÁ - SUBSÍDIO"
4912,"RECEBER PARCELA"
4913,"INFORMAR VALOR DE PARCELA"
4914,"CADASTRAR XER"
4915,"REALIZAR PÓS FML ALT. GARANTIA"
4916,"REPASSAR HON. SUCUMB. E CUSTAS"
4917,"REGULARIZAR OCORRÊNCIAS"
4918,"REALIZAR PÓS FORMALIZAÇÃO COP"
4919,ASSESSORIA
4920,"REALIZAR PÓS-CONTABILIZAÇÃO"
4921,"CONTABILIZAR REC JUD"
4922,"RECUP. DESPESAS CESSÃO CRÉDITO"
4923,"ESTORNO REC JUD"
4924,RECONTABILIZAR
4925,"IN-220 - CÁLCULO IOF"
4926,FORMALIZAR
4927,ESTUDAR
4928,"AJUSTAR INSTRUMENTO"
4929,"ATUALIZAR CADASTRO"
4930,"RECALCULAR ANOTAÇÃO CADASTRAL"
4931,"RECLASSIFIC.ANOTAÇÃO CADASTRAL"
4932,"BAIXAR GRAVAME"
4933,"CADASTRAR BENS - GS"
4934,"EXT DEMONSTRATIVO"
4935,"SOLICITAR CERTIDÃO/PESQUISA"
4936,"PISO POR EXAUSTÃO PATRIMONIAL"
4937,"CONSOLIDAÇÃO IMÓVEIS -COMPLETA"
4938,"IMOBILIÁRIO PAGAMENTO DE GUIAS"
4939,"IMOBILIÁRIO PAGTO DE GUIAS BNC"
4940,"PAGAR SERVIÇOS - FIDUCIAL"
4941,"RESSARCIMENTO - FIDUCIAL"
4942,"IMOBILIÁRIO INCORPORAR IMÓVEIS"
4943,"INTIMAR CLIENTE IMOBILIÁRIO"
4944,"INTIMAR CLIENTE - REVISÃO KIT"
4945,"ACP IMOBILIÁRIO"
4946,"IMÓVEIS NÃO DE USO DOCTOS/INFO"
4947,"IMOBILIÁRIO DOCTOS/INFO"
4948,"PAGAR CUSTAS DEPOSITÁRIO"
4949,"BENS MÓVEIS DIVERSOS BUSCA/APR"
4950,"BENS MÓVEIS DIVERSOS EXECUÇÃO"
4951,"BENS MÓVEIS DIVERSOS REIN POSS"
4952,"IMÓVEL Ñ USO RURAL-CONSOLIDAÇÃ"
4953,"IMÓVEL Ñ USO RURAL-EXECUÇÃO"
4954,"VEÍCULOS BUSCA E APREENSÃO"
4955,"VEÍCULOS EXECUÇÃO"
4956,"VEÍCULOS REINTEGRAÇÃO DE POSSE"
4957,"TRATAR BENS"
4958,"ESTUDAR HASTA PUBL/ADJUDICAÇÃO"
4959,"SOLICITAR CERTIDÃO/PESQ - BBTS"
4960,"RECUPERAR CRÉDITO IMOBILIÁRIO"
4961,"ESTUDAR EXAUSTÃO PATRIMONIAL"
4962,"AVALIAR BENS"
4963,"VERIFICAR PARÂMETROS"
4964,"CONCILIAR CONTA"
4965,"TRATAR BALANCETE"
4966,"CANCELAR REESCALONAMENTO"
5000,"INVESTIGAR PF"
5001,"RECOMPRAR VTM"
5100,ANALISAR
5101,NEGOCIAR
5102,OPERACIONALIZAR
5200,CONDUZIR
5201,CONFIRMAÇÃO
5202,CONSOLIDAR
5203,ATUALIZAR
5204,ELABORAR
5205,CAPTURAR
5300,"CONTA CORRENTE"
5301,"ANALISAR CURADORIA"
5302,"CURAR HIVE"
5400,"115 ALV ABRIR CONTA"
5401,"116 ALV CONTABILIZAR"
5402,"678 ALV SUBSÍDIO"
5500,"LEVANTAR ALVARA JUDICIAL"
5601,FORMALIZAR
5602,"ANALISAR E PROCESSAR"
5604,"CONCEDER OPERAÇÃO"
5605,"ORDEM DE PAGAMENTO DO EXTERIOR"
5606,"REGISTRO DE ACEITE"
5607,"REGISTRO DE APE"
5608,"TRIAGEM DE DOCUMENTOS"
5609,"ENTREGA DE DOCUMENTOS"
5610,"DOC. RECEBIDO INCORRETAMENTE"
5611,NOTIFICAÇÃO
5612,BNDES
5613,"PROEX - LPCO"
5614,"PROEX "
5615,"PROEX EQUALIZAÇÃO"
5616,ROF
5617,"VERIFICAR ACEITE"
5618,"VERIFICAR COURRIER"
5619,"CONDUZIR AVISO DE BANQUEIRO"
5700,"COOB VER DOCS"
5701,"IG VER DOCS"
5702,"COOB CÁLCULO"
5703,"IG CÁLCULO"
5704,"VERIFICAÇÃO DOC-DEVOLUCAO"
5705,CÁLCULOS-DEVOLUCAO
5706,"AGRD DOCUMENTAÇAO-DEVOLUCAO"
5707,"T-AGRD DOCUMENTAÇAO-DEVOLUCAO"
5708,"T-TRIAGEM/VERIFICAÇÃO DOC-DEVO"
5709,"T-ELAB. EXTRATOS-DEVOLUCAO"
5710,"T-DISTRIB. ADVOGADO-DEVOLUCAO"
5711,"C.DGTL-AGRD DOCUMENTAÇAO-DEVOL"
5712,"C.DGTL-VERIFICAÇÃO DOC-DEVOLUC"
5713,C.DGTL-CÁLCULOS-DEVOLUCAO
5714,"T-C.DGTL-AGRD DOC-DEVOLUCAO"
5715,"T-C.DGTL-TRIAGEM/VERIFICAÇÃO D"
5716,"T-C.DGTL-ELAB. EXTRATOS-DEVOLU"
5717,"T-C.DGTL-DISTRIB. ADVOGADO-DEV"
5718,"CÁLCULOS BBTS/FE"
5719,"C.DGTL-CÁLCULOS BBTS/FE"
5720,"AGRD DOCUMENTAÇAO-CHECKLIST"
5721,"VERIFICAÇÃO DOC-CHECKLIST"
5722,CÁLCULOS-CHECKLIST
5723,"C.DGTL-AGRD DOCUMENTAÇAO-CHECK"
5724,"C.DGTL-VERIFICAÇÃO DOC-CHECKLI"
5725,C.DGTL-CÁLCULOS-CHECKLIST
5726,"T-AGRD DOCUMENTAÇAO-CHECKLIST"
5727,"T-TRIAGEM/VERIFICAÇÃO DOC-CHEC"
5728,"T-ELAB. EXTRATOS-CHECKLIST"
5729,"T-DISTRIB. ADVOGADO-CHECKLIST"
5730,"T-C.DGTL-AGRD DOC-CHECKLIST"
5731,"T-C.DGTL-TRIAGEM/VERIFICAÇÃO D"
5732,"T-C.DGTL-ELAB. EXTRATOS-CHECKL"
5733,"T-C.DGTL-DISTRIB. ADVOGADO-CHE"
5734,"OP CDC CONSIG-DEV"
5735,"OP CDC CONSIG"
5736,"T-AGRD DOCUMENTAÇAO-CK-VEÍCULO"
5737,"T-TRIAGEM/VERIFICAÇÃO DOC-CK-V"
5738,"T-ELAB. EXTRATOS-CK-VEÍCULO"
5739,"T-DISTRIB. ADVOGADO-CK-VEÍCULO"
5740,"T-C.DGTL-AGRD DOC-CK-VEÍCULO"
5741,"T-C.DGTL-TRIAGEM/VERIFICAÇÃO D"
5742,"T-C.DGTL-ELAB. EXTRATOS-CK-VEÍ"
5743,"T-C.DGTL-DISTRIB. ADVOGADO-CK-"
5744,"T-ELAB. EXTRATOS-ATUALIZAÇÃO"
5745,"T-ELAB. EXTRATOS-ATUALIZAÇÃO-P"
5746,"T-ATND SUBSÍDIO-DOC"
5747,"T-DEV. DOC-CHECKLIST CANCELADO"
5748,"T-AGRD PRAZO BLOQUEIO SUSPENSI"
5749,"SUB - ELABORAR DCC"
5750,"T-SOL. DE BLOQUEIO-DEVOLUÇÃO"
5751,"T-SOL. DE BLOQUEIO-ELAB. EXTRA"
5752,"T-SOL. DE BLOQUEIO-DISTRIB. AD"
5753,"DEV. DOC-CHECKLIST CANCELADO"
5754,"AGRD PRAZO BLOQUEIO SUSPENSIVO"
5800,CÁLCULO
5801,"BAIXA DE RESTRIÇÕES"
5802,DOCUMENTOS
5803,EXTRATOS
5804,INFORMAÇÕES
5805,"ASSIST GRAFOTÉCNICO"
5806,"ASSIST CONTÁBIL"
5807,"ASSIST AVALIAÇÃO JUDICIAL"
5808,PREPOSTO
5809,"AVALIAÇÃO JUDICIAL"
5810,"ELABORAR DCC"
5811,"RED. SUBSÍDIOS"
5812,"AT. SUBSÍDIOS-TRIAGEM"
5813,CÁLCULO
5814,"OPERAÇÕES REC JUD/FALÊNCIA"
5816,"HASTA PÚBLICA"
5817,PREMONITÓRIA
5818,PENHORA
5819,ADJUDICAÇÃO
5820,"MANIF INDIC PENHORA"
5821,"RESPONDER SUBSÍDIO SOBRE HASTA"
5900,"CÁLCULO JUDICIAL"
5901,ALTERAR
5902,DOCUMENTO
5903,"BENEFÍCIO FISCAL"
5904,"CRIAR NPJ"
6000,"ADIMPLÊNCIA OU LIQUIDAÇÃO"
6100,RECORTES
6101,INVENTÁRIO
6102,"RECUP  JUDIC"
6103,"RECUP EXTRA"
6104,FALÊNCIA
6105,"INSOLV CIVIL"
6106,"CALC. HABL DEMAIS"
6107,"INVENT (CÁLCULOS)"
6108,"REAL. VÍNC. EM NPJ HAB"
6109,"RECORTES RJ/FALENCIA/INSOLVENC"
6110,"LEITURA VL. ECON DE RJ/FALENCI"
6111,"CONV. EM FALÊNCIA"
6112,"PROT PREFER"
6113,"PRÉ TRIAGEM - HAB RECUP  JUDIC"
6114,"PRÉ-TRIAGEM - HAB RECUP EXTRA"
6115,"PRÉ-TRIAGEM - HAB FALÊNCIA"
6116,"PRÉ-TRIAGEM - HAB INSOLV CIVIL"
6117,"PRÉ TRIAGEM - CONV. EM FALÊNCI"
6200,REBATE
6201,"OPERAÇÃO EM SER"
6202,"REC PARC CÁLCULO MANUAL - PER "
6203,"À VISTA OU À PRAZO"
6204,"OPERAÇÃO EM PERDAS"
6205,"INF. VALOR PARCELA"
6206,"CRÉDITO IMOB PRD"
6300,"TÉCNICA IMÓVEIS"
6301,"OPINIÃO DE VALOR IMÓVEIS"
6302,"TÉCNICA MÓVEIS"
6303,"OPINIÃO DE VALOR MÓVEIS"
6304,"TÉCNICA EMPREENDIMENTOS"
6400,VEÍCULOS
6401,"BENS IMÓVEIS"
6402,"DEMAIS MÓVEIS"
6500,"REALIZAR PÓS FORMALIZAÇÃO ALT."
6501,"CAD OPR RURAL ESCAI"
6502,"CAD VARIAÇÃO ESCAI"
6503,"XER801 REGULARIZAÇÃO"
6504,"CAD OPR CREGE ESCAI"
6505,"HONORÁRIOS E CUSTAS"
6506,"PÓS COP"
6507,"ASSESSORIA PRÉVIA FORMALIZAÇÃO"
6508,PÓS-CONT
6509,"IN 217-LIQUIDAÇÃO OPR EM PERDA"
6510,"ESTORNO REC JUD"
6511,RECONTABILIZAR
6512,"IN 220 RJ E FAL COM VOTO FAVOR"
6513,"IN 220 RJ E FAL COM VOTO DESFA"
6514,"IN 220 FALÊNCIA"
6515,"IN 220 RECUPERAÇÃO EXTRAJUDICI"
6517,"PÓS CONTABILIZAÇÃO PRJ"
6518,"IN 13"
6519,"IN 217"
6520,"OUTRAS IN"
6521,"CESSÃO DE CRÉDITO"
6522,"IN 217-PEC À VISTA"
6600,"ALTERAÇÃO DE GARANTIA"
6601,"ASSUNÇÃO SEC/PESA"
6700,"ALTERAÇÃO DE GARANTIA"
6701,"IN 220 RJ E FAL"
6702,AJUSTAR
6703,"ASSESSORIA PRÉVIA FORMALIZAÇÃO"
6704,"FORMALIZAR PROPOSTA-ESTEIRA EX"
6705,"IN 217"
6706,"IN 217 ATACADO"
6707,"ASSUNÇÃO DE DÍVIDAS"
6708,"IN 13"
6709,"IN 217"
6710,"OUTRAS IN"
6711,"CESSÃO DE CRÉDITO"
6800,"EXAUSTÃO PAT"
6801,CRI-BBTS
6802,"SOLICITAR CERTIDÃO E PESQUISA "
6803,"PATRIMONIAL PRÉ"
6804,"IND COMARCAS"
6805,"SOLICITAR CERTIDÃO OU PESQUISA"
6806,"VALORAR E CADASTRAR BENS – GS"
6807,"SOLICITAR CERTIDÃO DE ÓBITO/IN"
6808,"PAGAMENTO DE CDA"
6809,"ADMINISTRATIVO / FATURAMENTO C"
6810,"CERTIDÃO AÇÃO CÍVEL, IPTU, CRO"
6811,"VALORAR E CADASTRAR BENS – BBT"
6812,"CADASTRAR BENS - GS"
6900,PF
6901,PJ
7000,CÁLCULO
7001,"CÁLCULO-PRÉ 94"
7100,DEMONSTRATIVO
7200,RECALCULO
7201,RECLASSIFICAÇÃO
7300,"DIGITALIZAR DOCS NEGOCIAL"
7301,"DIGITALIZAR DOCS AJZT DIGITAL"
7302,"DIGITALIZAR DOCS AJZT FÍSICO"
7303,"INSCR OPERAÇÃO DAU - FLUXO"
7304,"INSCR OPERAÇÃO DAU - ESTOQUE"
7305,"ATEND SUBSÍDIOS/DMD CENOP DAU"
7400,"BNU ALIENAÇÃO FID IM RURAL"
7401,"BNU ALIENAÇÃO FID IM URBANO"
7402,"BNU ALIENAÇÃO FID IM URBANO"
7403,"BNU ALIENAÇÃO FID IM RURAL"
7404,"BENS MÓVEIS BA"
7405,"BENS MÓVEIS EXEC"
7406,"BENS MÓVEIS RP"
7407,"IMÓVEIS RURAIS CP"
7408,"IMÓVEIS RURAIS EXEC"
7409,"IMÓVEIS URBANOS CP"
7410,"IMÓVEIS URBANOS EXEC"
7411,"SEMOVENTES EXEC"
7412,"VEÍCULOS BA"
7413,"VEÍCULOS EXEC"
7414,"VEÍCULOS RP"
7415,"PAGAR CUSTAS"
7416,DOCUMENTOS/INFORMAÇÕES
7417,"EXT DEMONSTRATIVO"
7418,"FORN DOC/INF CRÉDITO IMOBILIÁR"
7419,"FORN DOC/INF BENS MÓVEIS NÃO D"
7420,"FORN DOC/INF BENS IMÓVEIS NÃO "
7500,"ASPECTO LEGAL-ESTOQUE-À REGULA"
7501,"ASPECTO LEGAL-FRAUDE"
7502,"ASPECTO LEGAL-LIMINAR JUDICIAL"
7503,"ASPECTO LEGAL-PRESCRIÇÃO"
7504,"ASPECTO LEGAL-REVISIONAL AGUAR"
7505,"ASPECTO LEGAL-SENTENÇA JUDICIA"
7506,"ASPECTO LEGAL-VEÍCULOS-AJUIZAM"
7600,"INTIMAR CLIENTES BB"
7601,"INTIMAR CLIENTES BNC"
7602,"INCORPORAR IMÓVEIS"
7603,"INCORPORAR IMÓVEIS - ESTEIRA C"
7604,"PAGAR SERVIÇOS - FIDUCIAL"
7605,"CONSOLIDAÇÃO DE IMV BB"
7606,"RESSARCIMENTO - FIDUCIAL"
7607,"CONSOLIDAÇÃO DE IMV BNC"
7608,"REVISÃO DE KIT"
7609,"CONSOLIDAÇÃO DE IMÓVEIS - ESTE"
7610,ASSESSORIA
7611,"ACP - DESBLOQUEIO OPERAÇÃO"
7700,801
7701,"BALANCETES ABERTOS"
7702,PRECATÓRIOS
7703,760
7704,PARÂMETROS
7705,"ATL OPR SDO SUPERIOR 25 MI DAT"
7706,"PROV REND SUP 25 MI ULT DIA UT"
7707,"ATL OPR SDO ENTRE 5 MI A 25 MI"
7708,"ATL OPR SDO INFERIOR 5 MI DATA"
7800,"PÓS HABILITAÇÃO DE RJ - ANOTAÇ"
8000,"SUMULA ELETRÔNICA"
8001,ATENDIMENTO
8002,"HABILITAR SISTEMA"
8003,"CONFERENCIA PAG NF PORTAL"
8100,"ENVIAR COMAG"
8101,"FINIMP DIRETO"
8102,LIQUIDAR
8103,INVESTIGAR
8104,ACOMPANHAR
8105,"CAMBIO TRAVADO"
8106,"TRATAR MENSAGEM DE BANQUEIRO"
8107,"GOVERNO - FLEXIBILIZAR TARIFA"
8108,"EXP - APROPRIAR "
8109,"INVESTIGAR PECULIARIDADES"
8110,ERRO
8200,CHEQUES
8201,CLIENTES
8202,CREDITO
8203,"OFICIOS JUDICIALES"
8204,PAGAMENTOS
8205,"PROVISAO E DEFERIMENTOS"
8206,TRANSFERENCIAS
8207,CONTABILIDAD
8208,"CADASTRO FALECOM"
8209,"FUNDOS CONSTITUCIONAIS"
815,"BAIXAR OPERAÇÃO VENCIDA"
8300,"FINIMP REPASSE"
8301,"ACC / ACE ESTUDO D+0"
8302,"ACC / ACE ESTUDO D+1"
8303,"ACC / ACE ESTUDO D+2"
8304,"FINIMP DIRETO"
8305,"EMPRESTIMO 4.131"
8306,ESTUDAR
8307,"ACC/ACE PRORROGAR"
8308,"ACC/ACE HIPOTECA ABRANGENTE"
8309,"CONVERSÃO TRAVADO EM ACC"
8310,"ENVIAR COMAG"
8311,"CONDUZIR AVISO DE BANQUEIRO"
8312,"ACC/ACE LIQUIDAR"
8313,"ACC/ACE CONCEDER"
8314,"ACC/ACE ANULAR"
8315,REQUEST
8316,"ACC/ACE CONDUZIR"
8317,"FINIMP/GARANTIAS - CONDUZIR"
8318,"VERIFICAR MT799"
8319,"ATENDIMENTO TELEFÔNICO"
8320,"CARTA DE CRÉDITO IMPORTAÇÃO"
8321,"ACC/ACE APLICAR REMESSA"
8322,"VERIFICAR HEDGE"
8323,"ACC/ACE PROSPECÇÃO"
8324,"ATACADO- ACC/ACE CONCESSÃO D+0"
8325,"ATACADO- ACC/ACE CONCESSÃO D+1"
8326,"ATACADO- ACC/ACE CONCESSÃO D+2"
8327,"AVISAR VENCIMENTO"
8328,"NOTIFICAR COBRANÇA DE IOF"
8329,FORMALIZAR
8330,VAZIO
8331,VAZIO
8332,DESEMBOLSAR
8333,CALCULAR
8334,EMITIR
8335,"INTERVENIÊNCIA LONDRES"
8336,"LIQUIDAR ANTECIPADO"
8337,"ALTERAR ESQUEMA PAGAMENTO"
8338,CONDUZIR
8339,"VERIFICAR ROF"
8340,"VERIFICAR PENDÊNCIA DI"
8341,"VERIFICAR CONTRATO ASSINADO"
8342,"ESTUDAR PLT"
8601,"GARANTIAS INTERNACIONAIS"
8602,PPE
8603,"ACC/ACE BAIXAR"
8604,"ACC/ACE CANCELAR"
8605,"ACC / ACE ESTUDO D+3"
8606,"AJUSTE NOS SISTEMAS"
8400,"PAGAMENTO CENOP"
8401,"PAGAMENTO BBC"
8402,"LIBERAÇÃO BBC"
8403,"UNIPROOF - REGISTRO ELETRÔNICO"
8404,PÓS-VENDA
8405,"SALDO REMANESCENTE DA CARTA DE"
8406,"FALECIMENTO DO CONSORCIADO"
8407,ORPAG
8408,"AJUSTAR INSTRUMENTO DE CRÉDITO"
8409,ANALISAR
8410,"LIBERAÇÃO IMOB."
8411,ASSESSORIA
8412,"ANALISAR 1"
8413,"ANALISAR 2"
8414,"ANALISAR 3"
8415,"ANALISAR 4"
8416,"ANALISAR 5"
8417,"ANALISAR 6"
8418,"LIBERAR 1"
8419,"LIBERAR 2"
8420,"LIBERAR 3"
8421,"LIBERAR 4"
8422,"LIBERAR 5"
8423,"LIBERAR 6"
8424,PAGAMENTO
8425,"ANALISAR IMOB."
8426,"LIBERAR 7"
8427,"ANALISAR 7"
8428,"COTA QUITADA - SALDO ZERADO "
8429,"ANALISAR COBAN"
8430,"ANALISAR APP"
8431,"ANALISAR ATACADO"
8432,"ANALISAR IMOB ATACADO"
8500,CONFERIR
8600,ASSESSORAR
8607,"COMPROVAR EMBARQUE"
8700,"BANQUEIRO DO EXTERIOR"
8701,"BANQUEIRO NACIONAL"
8800,"CODEX DIÁRIO BBGC"
8801,"CODEX DIÁRIO BBCI"
8900,"BBGC FECHAMENTO BALANÇO MENSAL"
8901,"BBCI FECHAMENTO BALANÇO MENSAL"
9000,"RESPONDER BB ATENDE"
9100,ENVIANDO
9101,RECEBENDO
9102,MONITORAMENTO
9103,TRIAGEM
9200,ENVIANDO
9201,RECEBENDO
9202,TRIAR
9203,MONITORAR
9300,ENVIANDO
9301,RECEBENDO
9302,INFORMAÇÃO
9303,MONITORAMENTO
9304,MONITORAR
9305,ACOMPANHAR
9400,"ASSESSORAR LOJA"
9401,"ACOLHER PROPOSTA"
9500,"SUPRIMENTO DE NUMERÁRIO TAA"
9501,TECBAN
9600,IMPEDIMENTO
9700,"LIQUIDITY COVERAGE RATIO - LCR"
9800,"QUARTERLY PRUDENTIAL RETURNS"
9801,"LOCAL BANKING STATISTICS (LBS)"
9802,CPIS
9803,"CASH FLOW REPORTS"
9900,"ENCERRAMENTO DE CONTA CORRENTE"
10000,"BBGC - CONTROLE OP. E RUBRICAS"
10001,"BBCI - CONTROLE OP. E RUBRICAS"
10002,CONCILIAR
10003,CONTABILIZAR
10004,INVESTIGAR
10005,ESTRUTURAR
10006,TRATAR
10007,CONSOLIDAR
10100,"TESOURO DIRETO	"
10101,"OTA - ORDEM TRANSFERÊNCIA AÇÕE"
10102,PROPOSTA
10103,"TRANSF. ATIVOS INSTR. LEGAL"
10104,"CONCILIAÇÃO CETIP/B3 - DIÁRIA"
10105,"CONCILIAÇÃO CETIP/B3 - MENSAL"
10106,"COBRANÇA DE TARIFAS SERV. CUST"
10107,CUSTÓDIA
10108,"ESCRITURAÇÃO DE CBIO"
10109,"ESCRITURAÇÃO DE AÇÕES"
10110,"CONCILIAÇÃO DRIVE X GFI"
10111,"INÍCIO/ENCERRAMENTO TARIFAS"
10112,"ENVIO DE INFORMAÇÕES GERENC."
10113,"EMISSÃO DE EXTRATO SELIC MENSA"
10114,INVENTÁRIO
10115,"ATUALIZAÇÃO DE TARIFAS"
10116,"CADASTRO DE CONTAS NAS CÂMARAS"
10117,"EMISSÃO  EXTRATO CBIOS QUINZ"
10118,"AT CADASTRAL NAS CONTAS B3"
10119,"ATUALIZAÇÃO DE ÍNDICES"
10120,"PAGAMENTOS FUNDOS ESTRUTURADOS"
10121,"RESSARCIMENTO BBDTVM"
10122,"INFORMES A ANBIMA"
10123,"TRANSF CUSTÓDIA TESOURO DIRETO"
10124,"EMISSÃO EXTRATO MENSAL CETIP "
10125,"BB ASSET (MOV. CETIP)"
10126,"TAXA DE ADMINISTRAÇÃO"
10127,"COBRANÇA -TARIFAS ESCRITURAÇÃO"
10128,"AÇÕES CUSTODIADAS"
10129,"ASSESSORIA FIDUCIARIA"
10130,"AT CADASTRO SERV. FIDUCIÁRIOS"
10131,"REGISTRO MANUAL CPR "
10132,"REGISTRO MANUAL CDCA "
10133,"EXTRATO DE TDA"
10134,"VINCULAÇÃO CDB PARA MARGEM"
10135,"DESVINCULAÇÃO CDB EM MARGEM"
10136,"ATUALIZAÇÃO DE DADOS"
10137,"LIVROS CONTÁBEIS FUNDOS INVEST"
10138,"CADASTRO DE CLIENTES SERV. FID"
10139,"PROCESSAMENTO DE TAXAS SEMESTR"
10140,"CONCILIAÇÃO LIQUIDAÇÃO BB-BI"
10141,"REGISTRO DE DCE"
10142,"IMPLANTAÇÃO DE CLIENTES"
10143,"EMISSÃO DE ARQUIVO PREVIC MENS"
10144,"AÇÕES ESCRITURAIS"
10145,"RENDA FIXA PRIVADA"
16801,"TRANSF. DE ATIVOS ENTRE VIVOS"
10200,"BBGC - RECONCILIACAO CONTABIL"
10201,"BBCI - RECONCILIACAO CONTABIL"
10300,"BBGC - LANCAMENTOS CONTABEIS"
10301,"BBCI - LANCAMENTOS CONTABEIS"
10500,E-MAIL
10509,"ATUALIZACAO DE MCI PF"
10511,"ATUALIZACAO CADASTRAL - OPERAC"
10512,ABRIR
10513,ATUALIZAR
10514,CADASTRAR
10515,ENCERRAR
10516,REVISAR
10517,TRANSFERIR
10518,"CHAT HORUS"
10519,TESTE22
10600,NOTIFICAR
10700,RELATÓRIO
10701,FERRAMENTA
10702,ROTINA
10703,"DEMANDA EXPRESSA"
10800,LICITAÇÃO
10801,"CONTRATAÇÃO REMANESCENTE"
10802,"CONTRATAÇÃO EMERGENCIAL"
10803,"ADITIVO DE AJUSTE REDACIONAL"
10804,"ADITIVO DE EXPANSÃO"
10805,"PRORROGAÇÃO EXCEPCIONAL"
10806,"PRORROGAÇÃO NORMAL"
10807,"REPACTUAÇÃO DE PREÇOS"
10808,"CADASTRAR/ATUALIZ TRAJETOS CMN"
10809,"DEMANDA REAL"
10810,"REEQUILÍBRIO ECONÔM-FINANCEIRO"
10811,"CONFERENCIA BASE TVS"
10812,PAN
10813,"TRANSPORTE DE VALORES"
10814,"CUSTODIA - DEMANDA REAL"
10815,"REPACTUAÇÃO - CMN"
10816,"ATENDIMENTO DE DEMANDAS ESPORÁ"
10817,"PAGAMENTO CMN"
10818,"PAGAMENTO CMN - SICAF"
10819,"PAGAMENTO CMN - PERCENTUAL PGT"
10900,"BAIXA DE EGT"
11000,"LIQUIDAÇÃO DE CTR"
11100,"CONTA PARA CONST SA"
11102,"ARRECADACAO DE GUIAS"
11106,"BB CONTRACHEQUE"
11119,"ATESTADO DE IDONEIDADE"
11120,"CARTA DE CIRCULARIZACAO"
11121,"EDITAR CONTRATO"
11122,CONFECCIONAR
11123,ABRIR
11124,CADASTRAR
11125,"EMITIR CARTA DE CRÉDITO"
11126,"CONFIRMAR RESERVA E AUTORIZAR "
11127,TRATAR
11128,"BAIXAR GRAVAME"
11129,"QUITAR COTA"
11130,SUBSTABELECER
11131,"CESSAO DE COTAS"
11132,"SUBSTITUIR GARANTIAS"
11133,CONCILIAR
11134,CONTABILIZAR
11135,CONFECCIONAR
11136,"CARTAO DE CREDITO - FORMS"
11137,"CADASTRAR CONVÊNIO"
11138,RESGATAR
11200,"CDA DESPESAS ADMINISTRATIVAS"
11202,"ACOMPANHAR EGT"
11203,"ACOMPANHAR CTR"
11207,ABRIR
11306,"ADITIVO - ESTUDAR E EDITAR"
11323,"ESTUDAR E EDITAR"
11325,"ANUENCIA PREVIA"
11326,WAIVER
11331,"ADITIVO - FORMALIZAR"
11332,"ADITIVO - CONDUZIR"
11333,FORMALIZAR
11334,CONDUZIR
12206,"ANUENCIA PREVIA (ESTRUTURADAS)"
11324,"ADITIVO - ESTUDAR E EDITAR"
11513,"REAV. GARANTIAS - CENOP DEMAND"
11514,"ESTUDAR E EDITAR"
11515,"ANUENCIA PREVIA"
11516,WAIVER
11517,FORMALIZAR
11518,CONDUZIR
11600,PADRAO
11608,"AQUIS. RECEBIV. CARTAO- VAREJO"
11614,"ANUENCIA PREVIA "
11615,WAIVER
11617," CLIENTES PERFIL ATACADO - BH"
11618," CLIENTES PERFIL ATACADO - CWB"
11620,"ESTUDAR E EDITAR"
11622,"ADITIVO - ESTUDAR E EDITAR"
11623,"ADITIVO - FORMALIZAR"
11624,"ADITIVO - CONDUZIR"
11625,FORMALIZAR
11626,CONDUZIR
11627,LIBERAR
11704,"BNDES FINEM PADRAO"
11705,"BNDES FINEM ESTRUTURADO"
11706,"ESTUDAR E EDITAR"
11707,"ADITIVO - ESTUDAR E EDITAR"
11708,"ANUENCIA PREVIA"
11709,WAIVER
11710,"ADITIVO - FORMALIZAR"
11711,"ADITIVO - CONDUZIR"
11712,FORMALIZAR
11713,CONDUZIR
11714,LIBERAR
11808,"ASSES. ESPECIAL - AGRONEGOCIOS"
11811,"ASSES. ESPECIAL - GIRO"
11816,"AQUIS.RECEB.- CONTABILIZACOES"
11842,"ASSES. ESPECIAL - PROD E SERV"
11847,"ACOMP. FISCALIZ. ESTRUTURADAS"
11900,ESTUDAR
11901,AGRONEGOCIO
11902,"CAPITAL DE GIRO"
11903,INTERNACIONAL
11904,"PRESTACAO DE FIANCA"
11905,INVESTIMENTO
11906,"FUNDOS CONSTITUCIONAIS"
12000,CADASTRAR
12001,ATUALIZAR
12002,VERIFICAR
12100,COVENANTS
12101,"CESSAO DE DIREITOS"
12102,"SUBSTITUICAO DE GARANTIA"
12103,"PARCELAMENTO SEMESTRAL/ANUAL"
12104,"DOC. CONSORCIO - PORTAL PARC"
12105,"IMOVEIS - SDO REMAN CARTA CRED"
12106,"BENS MOVEIS"
12107,"SERV - SALDO REMAN CARTA CRED"
12108,"PAG AO FORNEC  VIA TER - NC"
12109,"PAGTO BENS MOVEIS NAO LICEN"
12110,"PAGTO BENS MOVEIS LICENCIAVEIS"
12111,"PGAMENTO DE BENS IMOVEIS"
12112,"ATACADO - PGTO BENS MOV LICEN"
12113,"ATACADO - PGTO BEM MOV NAO LIC"
12114,PAGAMENTO
12115,"POS - VENDA"
12116,"12 - AMORT OU LIQUID ANTECIP"
12117,"ATACADO - PAGAMENTO"
12118,"SALDO REMANESC CARTA CREDITO"
12119,CANCELAMENTO
12120,"BENS MOV - SLD REM CART CRED"
12500,"RESGATAR DJO (PSO)"
12501,"ALVARÁ DE FUNCIONAMENTO"
12502,AMBIÊNCIA
12503,"CONSERVAÇÃO ÁGUA/ENERGIA"
12504,FUNCIONALISMO
12505,"GRUA - PLANO ABANDONO"
12506,"IMÓVEIS TERCEIROS - CESSÃO"
12507,"IMÓVEIS TERCEIROS - COMODATO"
12508,"IMÓVEIS TERCEIROS - LOCAÇÃO"
12509,INVENTÁRIO
12510,"MANUTENÇÃO EQUIPAMENTOS"
12511,"MANUTENÇÃO PREDIAL"
12512,"ORDENS DE SERVIÇO"
12513,"PPRA - RISCOS AMBIENTAIS"
12514,"PROTEÇÃO CONTRA INCÊNDIOS"
12515,"DEC-DOMIC ELET DO CONTRIBUINTE"
12516,"MATERIAL DE EXPEDIENTE"
12517,"CCF-CADASTRO CHEQUES S/FUNDOS"
12518,CONTÁBIL
12519,"NOTIFICAÇÃO EXTRAJUDICIAL - AR"
12520,"FEC-FECHAM ELETRÔN COMPENSAÇÃO"
12521,"FORMULÁRIO BASE CHEQUES - TAA"
12522,"GTI-GER TRANSF INTERBANCÁRIAS"
12523,"CDA-DESPESAS ADMINISTRATIVAS"
12524,"PROTESTO DE TÍTULOS"
12525,"CHEQUES SR/NR/PAGOS"
12526,"KIT EXECUTIVO"
12527,"TAA-TERMINAL AUTOATENDIMENTO"
12528,"BB CRÉDITO CONSIGNAÇÃO"
12529,"OUVIDORIA EXTERN-1A 2A INSTANC"
12530,ASSESSORIA
12531,"TRATAR OFÍCIOS"
12532,"TRATAR SUBSÍDIOS"
12533,"PASEP CONFORMIDADE"
12534,"COMPLIANCE SERVIÇOS DIGITAIS"
12535,"TRATAR AOF"
12700,"ANALISAR E EMITIR"
12701,EMITIR
12800,CONCILIAR
12900,AFILIAÇÃO
12901,AGRO
12902,IOF
12903,ALELO
12904,"ANUIDADE PF"
12905,BNDES
12906,"CADASTRO POSITIVO"
12907,"GERAÇÃO CARTÃO"
12908,"CARTEIRAS DIGITAIS"
12909,"ANOTAÇÃO CADASTRAL/RESTRIÇÃO"
12910,"CLUBE DE BENEFÍCIOS"
12911,"COMPRA DÉBITO"
12912,"COMPRAS A CANCELAR"
12913,"COMPRA CRÉDITO"
12914,"PARCELAS DIVERGENTES"
12915,CORPORATIVO
12916,CRBB
12917,JUDICIAL
12918,"ENCARGOS, IMPOSTOS E TARIFAS"
12919,ESTORNO
12920,"EXCLUSÃO DE OFERTA"
12921,GOV
12922,"IDENTIFICAÇÃO ESTABELECIMENTO"
12923,"INCLUSÃO DE NOTA"
12924,"LIMITE ÚNICO"
12925,"LISTA DE EXCEÇÃO"
12926,"SALA VIP"
12927,"PAGAMENTO FATURA/SALDO CREDOR"
12928,"PARCELAMENTO DE FATURA"
12929,PF
12930,"PJ "
12931,"PONTO PRA VOCÊ"
12932,"RENEGOCIAÇÃO DE DÍVIDA "
12933,REATIVAÇÃO
12934,RECUPERAÇÃO
12935,"RESTRIÇÃO "
12936,REVERSÃO
12937,SAQUE
12938,"TESTE CADASTRO"
12939,"FALSIDADE IDEOLÓGICA"
12940,VVL
12941,WHATSAPP
12942,"ATENDER BB RESOLVE "
12943,"BB ATENDE - DEMAIS"
12945,"CONTROLE FINANCEIRO"
12946,"CARTÃO LIQUIDAÇÃO"
12947,"ATENDER NPJ "
12948,"BB ATENDE - BACEN"
12949,"BB ATENDE - OUVIDORIA"
12950,"BB ATENDE - PROCON"
12951,"TRATAR OCORRENCIA VIP"
12952,INFOR
12953,PARCERIAS
12954,CATENO
12955,"ALELO BB / COLIGADAS"
12956,"INVENTARIO DE RUBRICAS"
12957,"ASSESSORIA AOS INTERVENIENTES"
12958,"MANUTENÇÃO SCRIPT"
12959,"DEMANDAS INTERNAS "
12960,"RELATÓRIOS MENSAIS PREJUÍZOS"
12961,COMPLIANCE
12962,PAGAMENTOS
12963,"ATUALIZAR SCRIPTS SAC/CRBB"
13000,"VERIFICAÇÃO NPJ"
13001,"VERIFICAÇÃO RISCO UNIÃO"
13100,"PARECER TÉCNICO PCA"
13200,"BB CRÉDITO VEÍCULO"
13201,"BB CRÉDITO VEÍCULO PRÓPRIO"
13202,"FAT TAXISTA"
13203,CONVERTER
13300,CONDUZIR
13400,ASSESSORAR
13500,REGULARIZAR
13501,CONCILIAR
13502,COMPROVAR
13503,ACOMPANHAR
13504,CONTABILIZAR
13505,RENOVAR
13506,NOTIFICAR
13507,CALCULAR
13508,"AMORTIZAR/LIQUIDAR OPERAÇÃO"
13600,"ESTUDAR E EDITAR"
13601,"ADITIVO - ESTUDAR E EDITAR"
13602,WAIVER
13603,"ANUENCIA PREVIA"
13604,"ADITIVO - FORMALIZAR"
13605,"ADITIVO - CONDUZIR"
13606,FORMALIZAR
13607,CONDUZIR
13608,LIBERAR
11327,DESEMBOLSAR
11328,"ACC / ACE ESTUDO D+0"
11329,"ACC / ACE ESTUDO D+1"
11330,"ACC / ACE ESTUDO D+2"
13700,FORMALIZAR
13701,"ADITIVO - ESTUDAR E FORMALIZAR"
13702,LIQUIDAR
13703,CANCELAR
13704,EMITIR
13705,ASSESSORAR
13706,PRORROGAR
13707,"ACC / ACE ESTUDO D+3"
13708,"ENVIAR DOCUMENTOS - MALOTE"
13709,.
13710,ESTUDAR
13711,"INTERVENIÊNCIA LONDRES "
13712,"ACC/ACE CONDUZIR"
13713,"LIQUIDAR ANTECIPADO"
13714,"ALTERAR ESQUEMA PAGAMENTO"
13715,"ACC/ACE PROSPECÇÃO"
13716,CONDUZIR
13800,"SOLICITAR SERVIÇO"
13900,"AUTORIZAÇÃO P/ REEMBOLSO"
13901,"AVISO CARTA DE CRÉDITO"
13902,"AVISO DE EMENDA"
13903,EMITIR
13904,CONFIRMAR
13905,ESTRUTURAR
13906,CONTABILIZAR
13907,CONFECCIONAR
13908,REGISTRAR
13909,COMUNICAR
14000,CONCILIAR
14100,"TPR - TRANSAÇÃO COM PARTE REL."
14200,"BTR - BANKING THRESHOLD REPORT"
14300,CONDUZIR
14400,FGTS
14401,"CRBB-VALORAÇÃO DE IMÓVEL RURAL"
14402,"CRBB-DEVOLUÇÃO AÇÃO JUDICIAL"
14403,"CRBB-PILOTO AQUISIÇÃO + CONSTR"
14404,"CRBB-ORPAG PAGAR IMÓVEIS (IQ V"
14405,CRBB-FLEXIBILIZAÇÃO
14406,CRBB-DESALIENAÇÃO
14407,CRBB-ERROS
14408,"CRBB-PAGAMENTO COMPLEMENTAR"
14409,"CRBB-CANCELAMENTO-PROC DE PGTO"
14410,CRBB-DÚVIDAS
14411,"CRBB-SUBSTITUIÇÃO DE GARANTIA"
14412,"CRBB-CESSÃO DE DIREITOS"
14413,"CRBB-PAGAMENTO DE PARCELA"
14414,"CRBB-LIQUIDAÇÃO COTA"
14415,"CRBB-OFERTA DE LANCE"
14416,CRBB-PAGAMENTO
14417,CRBB-TARIFA
14418,"CRBB-DEVOLUÇÃO COTA EXCLUIDA"
14419,"CRBB-DEVOLUÇÃO COTA SUSPENSA P"
14420,CRBB-CRBB
14421,"CRBB-PAGAMENTO FORNECEDOR"
14422,"CRBB-CONTEMPL (Ñ CONS CONFIRM)"
14423,"CRBB-TAXAS E TARIFAS"
14424,CRBB-GRAVAMES
14425,"CRBB-ATUALIZAÇÃO DE OPR"
14426,"CRBB - IMOVEIS (BB CONSÓRCIOS "
14427,CRBB-TERCEIRIZADA/SQG
14428,"CRBB-COBRANÇA DE PARCELAS"
14429,CRBB-PARCELA
14430,"CRBB-PAGAMENTO DE LANCE"
14431,"CRBB-FILA VAZIA"
14432,CRBB-FRAUDE
14433,"CRBB-PERIODICIDADE DE PAGAMENT"
14434,"CRBB-COBRAR ATRASO/TERCEIRIZ"
14435,"CRBB-SEGUROS VIDA E DFI (4122)"
14436,"CRBB-ORIENTAR CONTRAÇÃO (4122)"
14437,"CRBB-DESIGN DE PRODUTO"
14438,"CRBB-AJUSTAR PARCELA (4122)"
14439,"CRBB-DEVOLVER VALORES (4122)"
14440,"CRBB-REATIVAR (4122)"
14441,"CRBB-PAGAR INVENTARIAR/PARTILH"
14442,"CRBB-FLEXIBILIZAR CHASSI (4122"
14443,"CRBB-GERAR INFORME IRPF"
14500,CONDUZIR
14600,"CADASTRAR "
14700,"RELATÓRIOS PARA AUTORIDADES"
14800,"POSIÇÃO DOS TAA EM LISBOA"
14900,"OPERAÇÕES DIÁRIAS"
14901,"EXTRAÇÃO DE RELATORIOS DIARIOS"
14902,"ENVIO DIÁRIO DO BALANCETE"
15000,"BBCI - OPERAÇÕES"
15001,"BBGC - OPERAÇÕES"
15100,"TESTE ABERTURA API 2"
15200,"TESTE ABERTURA API 3"
15300,"RESPONSABILIDADES SPB"
15400,"IMAGENS DE CONTRATO"
15401,ASSESSORIA
15402,"ARQUIVO "
15700,TRATAR
15800,"ANÁLISE MIP"
15801,"ANÁLISE PROPOSTA"
15802,"FORMALIZAÇÃO DE PROPOSTA"
15803,LIBERAÇÃO
15804,COMPROVAÇÃO
15805,"ALTERAR CONDIÇÕES PACTUADAS"
15806,"SERVIÇOS OSP/CADIP/ESCAI/GRT"
15807,"REGIME DE COMPETÊNCIA"
15808,"CANCELAMENTO DE SALDO"
15809,"PRORROGAÇÃO DE PRAZO"
15810,"RECEBIM OBRIGAÇÕES FINANCEIRAS"
15811,"APOIO MIDDLE OFFICE"
15812,"AJUSTE ESCAI / OSP / CADIP"
15813,"AJUSTE GARANTIA"
15814,"AMORTIZAÇÃO LIQUIDAÇÃO ANTECIP"
15815,"ACIONAMENTO GARANTIA DA UNIÃO"
15816,"CONDUZIR PÓS CONTRATAÇÃO/ADITV"
15817,"TRATAR RELATÓRIOS"
15818,"BB AQUISIÇÃO DE ROYALTIES"
15819,"HAVERES DA UNIÃO "
15820,"REEMBOLSO BNDES"
15821,"INFORMAÇÕES AO BACEN"
15822,"GESTÃO DO PASSIVO BNDES "
15823,"ACOMPANHAR CONTABILIZAÇÃO DE C"
15824,"MOVIMENTAÇÃO DE CLIENTES "
15900,"ANALISAR DOCUMENTOS "
15901,"ALTERAR CONTRATO"
15902,"CONFECCIONAR DRAFT"
15903,REGISTRAR
15904,INVESTIGAR
15905,"ASSESSORIA ESPECIALIZADA"
16002,"IMPOSTAR DADOS"
16100,ATENDE
16101,"ORIGEM UAC"
16102,JUDICIAL
16103,"SAQUE ANIVERSÁRIO FGTS"
16104,"TRATAR BB RESOLVE"
16200,"OCORRENCIAS PROAGRO - DIRAG/GE"
16300,"FILAS DE TRABALHO"
16400,AJUSTE/MELHORIA
16401,CONSULTORIA
16402,DESENVOLVIMENTO
16403,MANUTENÇÃO
16404,"OCORRÊNCIAS EM PRODUÇÃO"
16500,"CHEQUE DEPOSITADO"
16501,"CHEQUE SACADO"
16502,OUTROS
16503,CAF
16600,"ANALISAR / ATUALIZAR"
16601,REGISTRAR
16602,CANCELAR
16700,MANUTENÇÃO
16701,CREDENCIAMENTO
16702,DESCREDENCIAMENTO
16800,ASSESSORIA
16900,"CONTRATAÇÃO TRANSPORTE"
16901,"CONTROLAR CUSTOS SERVIÇOS TRAN"
16902,"CONTROLAR PAGAMENTO DOS CUSTOS"
16903,"TRATAR DEMANDAS DAS AGÊNCIAS"
16904,"TRATAR DEMANDAS DO COMITÊ GEST"
16905,"CONFERIR INVENTÁRIO DAS DEPEND"
17000,"ATENDIMENTO AGÊNCIA"
17001,ATENDER
17002,CONDUZIR
17003,"BAIXA DE CTR"
17004,INCONSISTÊNCIA
17005,"TÍTULOS - CONSULTA"
17100,ENVIAR
17101,"CONTROLAR, REVISAR E AJUSTAR"
17102,"CONTROLAR, REVISAR E ENVIAR"
17200,"CONTROLAR, REVISAR E ENVIAR"
17300,"REGISTRAR E ACOMPANHAR"
17400,AJUSTAR
17500,AJUSTAR
17600,AJUSTAR
17700,AJUSTAR
17800,"CONSOLIDAR E REPORTAR"
17801,PREPARAR
17900,ANALISAR
18000,"REGISTRAR E ENCAMINHAR"
18100,"RECEBIMENTO BOLETOS OUTROS BAN"
18101,"SPB/CBR - PESQUISAS DIVERSAS"
18102,"PESQUISAS NO SIST IMPOSSIB DE "
18103,"SPB - FRAUDE"
18200,"AVALIAR PROCESSO"
18300,PAGAMENTO
18301,RECEBIMENTO
18400,VALIDAR
18401,MANUTENÇÃO
18402,RESCINDIR
18403,CURADORIA
18500,TRATAR
18600,ACOMPANHAR
18601,REGULARIZAR
18602,CONCILIAR
18700,"COMPLIANCE SERVIÇOS DIGITAIS"
18800,ANALISAR
18900,ANALISAR
19000,RETIRAR
19001,TRANSFERIR
19002,REGULARIZAR
19100,ENCERRAMENTO
19200,DEPOSITAR
19201,ATUALIZAR
19202,ENVIAR
19203,CONFIRMAR
19300,CONCILIAR
19400,TRANSFERIR
19402,ATUALIZAR
19500,TRANSFERIR
19600,TRANSFERIR
19601,COBRAR
19700,"PRESTAR ASSESSORIA"
19701,AVALIAR
19800,ANALISAR
19900,EFETUAR
20000,EFETUAR
20100,REVISAR
20101,CONFECCIONAR
20102,IMPLANTAR
20103,EFETUAR
20104,ATUALIZAR
20200,EFETUAR
20201,ENVIAR
20202,PREPARAR
20203,CONFERIR
20300,EMITIR
20400,ENVIAR
20500,EMITIR
20700,EFETUAR
20701,CADASTRAR
21000,EFETUAR
21200,EFETUAR
23000,CONDUZIR
23100,EMITIR
23200,ATENDER
23300,"GRANDES DEPOSITOS"
23301,"MOEDA ESTRANGEIRA"
23400,INTERBANCARIO
23500,"ATEND. AOS BANCOS - DEVOLUÇÃO "
23501,"CMN - ESTOQUE NUMERÁRIO"
23502,"CMN - OCORRÊNCIAS DIVERSAS"
23503,"CMN - ESTOQUE SÉRIES"
23504,"CMN - REMESSAS PENDENTES"
23505,"CMN - CUSTOS REMESSAS CUST."
23506,"CUSTODIA - FISCALIZAÇÃO PRESEN"
23507,"CUSTODIA - MULTAS - FISC. PRES"
23508,"FECHAMENTO DA CUSTÓDIA"
23600,"AVS - AUTOAVALIAÇÃO DE SEGURAN"
23601,"CÉDULAS PARA EXAME"
23602,"CONCILIAÇÃO DO SALDO DE CAIXA "
23603,"CONFERÊNCIA DE NUMERÁRIO"
23604,ISSQN
23605,"OBRAS - PCN - INTERDIÇÃO"
23606,"OBRAS - PLANILHA DE OBRAS"
23607,"OBRAS - GRANDE PORTE"
23608,"OBRAS - GRANDE VULTO"
23609,"OBRAS - PEQUENO PORTE"
23610,"PCN - FALTA DE PESSOAS"
23611,"SEGURADORA - VISTORIAS"
23612,"SEGURANÇA - EQUIPAMENTOS"
23613,"SEGURANÇA - ARMÁRIOS INUTILIZA"
23614,"COMPLIANCE 1981 - INFORMAÇÕES "
23700,PUBLICAR
23701,PAGAR
23800,"ALTERAÇÃO DE COTAÇÃO"
23900,"ANALISAR PROCESSO  "
23901,"REUNIR DOCUMENTAÇÃO "
23902,"ACOMPANHAR ANDAMENTO "
24000,GERENCIAR
24100,GERENCIAR
24200,"BAIXAR GRAVAME"
24300,ESTUDAR
24301,FORMALIZAR
24302,DESEMBOLSAR
24303,CONDUZIR
24400,"COBRAR TARIFA"
24500,"AVALIAÇÃO BENS EMPREEND. RURAI"
24501,"PARECER TÉCNICO PCA "
24502,"DEVOLUÇÃO DE RCP DIGITAL"
24600,TRATAR
24700,MONITORAR
24800,ANALISAR
24900,EFETUAR
25000,EMITIR
25100,MONITORAR
